,date,n_applicants,n_chances,size,winning_chances
0,2017-01-01,14,61,Standard Size,5
1,2017-01-02,15,55,Standard Size,5
2,2017-01-03,11,38,Standard Size,2
3,2017-01-04,11,34,Standard Size,3
4,2017-01-05,7,23,Standard Size,1
5,2017-01-06,3,7,Standard Size,5
6,2017-01-07,4,8,Standard Size,1
7,2017-01-08,8,24,Standard Size,5
8,2017-01-09,8,18,Standard Size,1
9,2017-01-10,10,28,Standard Size,5
10,2017-01-11,8,14,Standard Size,3
11,2017-01-12,9,27,Standard Size,5
12,2017-01-13,9,24,Standard Size,5
13,2017-01-13,9,24,Standard Size,1
14,2017-01-14,1,5,Standard Size,5
15,2017-01-15,4,14,Standard Size,5
16,2017-01-16,8,22,Standard Size,5
17,2017-01-17,8,22,Standard Size,5
18,2017-01-18,11,26,Standard Size,1
19,2017-01-18,11,26,Standard Size,2
20,2017-01-19,16,46,Standard Size,5
21,2017-01-20,15,29,Standard Size,3
22,2017-01-21,15,31,Standard Size,2
23,2017-01-22,7,19,Standard Size,5
24,2017-01-23,8,20,Standard Size,1
25,2017-01-24,7,18,Standard Size,5
26,2017-01-25,8,13,Standard Size,1
27,2017-01-25,8,13,Standard Size,1
28,2017-01-26,9,29,Standard Size,5
29,2017-01-27,4,8,Standard Size,1
30,2017-01-28,6,14,Standard Size,1
31,2017-01-29,7,23,Standard Size,5
32,2017-01-30,10,30,Standard Size,5
33,2017-01-31,17,45,Standard Size,5
34,2017-02-01,27,78,Standard Size,5
35,2017-02-02,17,56,Standard Size,4
36,2017-02-03,14,41,Standard Size,5
37,2017-02-04,11,37,Standard Size,5
38,2017-02-05,10,34,Standard Size,5
39,2017-02-06,22,55,Standard Size,5
40,2017-02-07,15,33,Standard Size,1
41,2017-02-08,32,56,Standard Size,5
42,2017-02-09,18,52,Standard Size,1
43,2017-02-10,21,52,Standard Size,5
44,2017-02-11,20,57,Standard Size,4
45,2017-02-12,21,57,Standard Size,5
46,2017-02-13,20,52,Standard Size,5
47,2017-02-14,28,72,Standard Size,5
48,2017-02-15,25,56,Standard Size,5
49,2017-02-16,21,57,Standard Size,1
50,2017-02-17,18,57,Standard Size,5
51,2017-02-18,9,22,Standard Size,1
52,2017-02-19,19,65,Standard Size,5
53,2017-02-20,28,85,Standard Size,3
54,2017-02-21,31,84,Standard Size,5
55,2017-02-22,25,71,Standard Size,3
56,2017-02-23,29,63,Standard Size,2
57,2017-02-24,36,80,Standard Size,5
58,2017-02-25,40,97,Standard Size,5
59,2017-02-26,51,130,Standard Size,5
60,2017-02-27,58,160,Standard Size,2
61,2017-02-28,69,183,Standard Size,1
62,2017-03-01,52,188,Standard Size,1
63,2017-03-01,52,188,Standard Size,5
64,2017-03-02,36,119,Standard Size,1
65,2017-03-02,36,119,Standard Size,5
66,2017-03-03,32,108,Standard Size,5
67,2017-03-03,32,108,Standard Size,5
68,2017-03-04,33,111,Standard Size,1
69,2017-03-04,33,111,Standard Size,1
70,2017-03-05,43,132,Standard Size,5
71,2017-03-05,43,132,Standard Size,5
72,2017-03-06,79,261,Standard Size,5
73,2017-03-06,79,261,Standard Size,5
74,2017-03-07,68,214,Standard Size,2
75,2017-03-07,68,214,Standard Size,5
76,2017-03-08,67,212,Standard Size,1
77,2017-03-08,67,212,Standard Size,5
78,2017-03-09,49,162,Standard Size,5
79,2017-03-09,49,162,Standard Size,5
80,2017-03-10,44,124,Standard Size,2
81,2017-03-10,44,124,Standard Size,2
82,2017-03-11,33,84,Standard Size,5
83,2017-03-11,33,84,Standard Size,5
84,2017-03-12,59,170,Standard Size,2
85,2017-03-12,59,170,Standard Size,5
86,2017-03-13,66,216,Standard Size,5
87,2017-03-13,66,216,Standard Size,5
88,2017-03-14,67,203,Standard Size,5
89,2017-03-14,67,203,Standard Size,5
90,2017-03-15,89,333,Standard Size,5
91,2017-03-15,89,333,Standard Size,2
92,2017-03-16,78,300,Standard Size,5
93,2017-03-16,78,300,Standard Size,3
94,2017-03-17,77,284,Standard Size,5
95,2017-03-17,77,284,Standard Size,2
96,2017-03-18,73,284,Standard Size,5
97,2017-03-18,73,284,Standard Size,5
98,2017-03-19,81,293,Standard Size,5
99,2017-03-19,81,293,Standard Size,4
100,2017-03-20,63,204,Standard Size,5
101,2017-03-20,63,204,Standard Size,5
102,2017-03-21,60,204,Standard Size,3
103,2017-03-21,60,204,Standard Size,5
104,2017-03-22,58,216,Standard Size,5
105,2017-03-22,58,216,Standard Size,5
106,2017-03-23,61,218,Standard Size,2
107,2017-03-23,61,218,Standard Size,5
108,2017-03-24,54,198,Standard Size,1
109,2017-03-24,54,198,Standard Size,3
110,2017-03-25,68,252,Standard Size,3
111,2017-03-25,68,252,Standard Size,4
112,2017-03-26,76,302,Standard Size,14
113,2017-03-26,76,302,Standard Size,5
114,2017-03-27,92,399,Standard Size,5
115,2017-03-28,104,397,Standard Size,41
116,2017-03-28,104,397,Standard Size,3
117,2017-03-29,102,373,Standard Size,5
118,2017-03-29,102,373,Standard Size,5
119,2017-03-30,90,313,Standard Size,9
120,2017-03-30,90,313,Standard Size,2
121,2017-03-31,101,364,Standard Size,5
122,2017-03-31,101,364,Standard Size,5
123,2017-04-01,118,463,Standard Size,5
124,2017-04-02,60,183,Small Size,5
125,2017-04-02,92,372,Standard Size,5
126,2017-04-03,118,459,Standard Size,5
127,2017-04-04,62,186,Small Size,3
128,2017-04-04,118,415,Standard Size,5
129,2017-04-05,118,443,Standard Size,2
130,2017-04-06,44,139,Small Size,3
131,2017-04-06,58,225,Standard Size,5
132,2017-04-07,58,237,Standard Size,5
133,2017-04-08,32,132,Small Size,5
134,2017-04-08,56,213,Standard Size,5
135,2017-04-09,73,277,Standard Size,5
136,2017-04-10,47,139,Small Size,3
137,2017-04-10,99,372,Standard Size,5
138,2017-04-11,103,377,Standard Size,5
139,2017-04-12,26,70,Small Size,3
140,2017-04-12,133,528,Standard Size,1
141,2017-04-13,112,418,Standard Size,5
142,2017-04-14,19,107,Small Size,5
143,2017-04-14,65,252,Standard Size,5
144,2017-04-15,78,288,Standard Size,1
145,2017-04-16,40,174,Small Size,38
146,2017-04-16,113,365,Standard Size,5
147,2017-04-17,113,441,Standard Size,5
148,2017-04-18,41,141,Small Size,5
149,2017-04-18,124,455,Standard Size,5
150,2017-04-19,133,475,Standard Size,5
151,2017-04-20,36,141,Small Size,5
152,2017-04-20,152,571,Standard Size,1
153,2017-04-22,43,161,Small Size,2
154,2017-04-24,54,162,Small Size,2
155,2017-04-25,174,729,Standard Size,5
156,2017-04-26,65,190,Small Size,1
157,2017-04-26,162,643,Standard Size,5
158,2017-04-27,159,642,Standard Size,4
159,2017-04-28,62,205,Small Size,4
160,2017-04-28,131,512,Standard Size,5
161,2017-04-29,136,536,Standard Size,5
162,2017-04-30,61,201,Small Size,1
163,2017-04-30,118,425,Standard Size,5
164,2017-05-01,143,588,Standard Size,5
165,2017-05-02,49,158,Small Size,5
166,2017-05-02,85,347,Standard Size,5
167,2017-05-03,73,283,Standard Size,5
168,2017-05-04,39,142,Small Size,5
169,2017-05-04,52,207,Standard Size,3
170,2017-05-05,50,179,Standard Size,5
171,2017-05-06,28,92,Small Size,5
172,2017-05-06,54,193,Standard Size,3
173,2017-05-07,54,196,Standard Size,2
174,2017-05-08,55,171,Small Size,5
175,2017-05-08,93,368,Standard Size,5
176,2017-05-09,75,282,Standard Size,5
177,2017-05-10,46,137,Small Size,5
178,2017-05-10,89,342,Standard Size,1
179,2017-05-11,53,218,Standard Size,2
180,2017-05-12,24,88,Small Size,5
181,2017-05-12,65,261,Standard Size,5
182,2017-05-13,59,256,Standard Size,5
183,2017-05-14,28,96,Small Size,5
184,2017-05-14,88,332,Standard Size,5
185,2017-05-15,114,437,Standard Size,5
186,2017-05-16,37,134,Small Size,5
187,2017-05-16,107,418,Standard Size,5
188,2017-05-17,130,486,Standard Size,5
189,2017-05-18,26,88,Small Size,5
190,2017-05-18,98,373,Standard Size,2
191,2017-05-19,118,466,Standard Size,3
192,2017-05-20,26,76,Small Size,2
193,2017-05-20,123,474,Standard Size,5
194,2017-05-21,130,495,Standard Size,5
195,2017-05-22,36,122,Small Size,5
196,2017-05-22,127,470,Standard Size,5
197,2017-05-23,124,471,Standard Size,3
198,2017-05-24,37,105,Small Size,5
199,2017-05-24,122,452,Standard Size,4
200,2017-05-25,99,384,Standard Size,14
201,2017-05-26,44,134,Small Size,5
202,2017-05-27,129,494,Standard Size,5
203,2017-05-28,37,123,Small Size,3
204,2017-05-30,49,171,Small Size,4
205,2017-05-30,131,537,Standard Size,5
206,2017-05-31,129,540,Standard Size,15
207,2017-06-01,166,699,Standard Size,5
208,2017-06-02,126,537,Standard Size,5
209,2017-06-03,61,230,Small Size,1
210,2017-06-04,151,602,Standard Size,12
211,2017-06-05,69,251,Small Size,5
212,2017-06-06,177,642,Standard Size,5
213,2017-06-07,50,180,Small Size,5
214,2017-06-07,137,519,Standard Size,5
215,2017-06-08,110,432,Standard Size,2
216,2017-06-09,48,158,Small Size,5
217,2017-06-10,114,449,Standard Size,1
218,2017-06-11,47,177,Small Size,11
219,2017-06-11,147,575,Standard Size,5
220,2017-06-13,35,126,Small Size,1
221,2017-06-13,152,654,Standard Size,2
222,2017-06-14,137,630,Standard Size,13
223,2017-06-15,31,121,Small Size,3
224,2017-06-16,125,647,Standard Size,5
225,2017-06-17,30,122,Small Size,5
226,2017-06-17,136,639,Standard Size,5
227,2017-06-18,170,788,Standard Size,4
228,2017-06-19,29,113,Small Size,5
229,2017-06-19,182,804,Standard Size,5
230,2017-06-20,170,729,Standard Size,5
231,2017-06-21,21,60,Small Size,5
232,2017-06-22,133,624,Standard Size,5
233,2017-06-23,20,71,Small Size,4
234,2017-06-24,155,696,Standard Size,39
235,2017-06-25,18,53,Small Size,5
236,2017-06-27,27,84,Small Size,2
237,2017-06-27,177,832,Standard Size,3
238,2017-06-28,147,708,Standard Size,12
239,2017-06-29,24,69,Small Size,5
240,2017-06-29,111,539,Standard Size,37
241,2017-06-30,110,523,Standard Size,9
242,2017-07-01,30,107,Small Size,1
243,2017-07-01,118,560,Standard Size,5
244,2017-07-03,26,92,Small Size,5
245,2017-07-03,137,610,Standard Size,5
246,2017-07-04,89,404,Standard Size,5
247,2017-07-05,18,67,Small Size,5
248,2017-07-05,88,400,Standard Size,11
249,2017-07-06,91,429,Standard Size,5
250,2017-07-07,19,74,Small Size,5
251,2017-07-07,83,378,Standard Size,10
252,2017-07-08,60,249,Standard Size,5
253,2017-07-09,16,58,Small Size,1
254,2017-07-09,67,298,Standard Size,21
255,2017-07-10,89,422,Standard Size,4
256,2017-07-11,20,81,Small Size,5
257,2017-07-11,87,358,Standard Size,2
258,2017-07-12,78,358,Standard Size,5
259,2017-07-13,19,69,Small Size,5
260,2017-07-13,51,228,Standard Size,5
261,2017-07-14,44,199,Standard Size,13
262,2017-07-15,17,62,Small Size,5
263,2017-07-16,60,259,Standard Size,5
264,2017-07-17,22,72,Small Size,5
265,2017-07-17,52,243,Standard Size,5
266,2017-07-18,62,255,Standard Size,2
267,2017-07-19,28,79,Small Size,1
268,2017-07-19,73,332,Standard Size,5
269,2017-07-20,62,265,Standard Size,5
270,2017-07-21,24,62,Small Size,5
271,2017-07-21,59,249,Standard Size,5
272,2017-07-22,68,275,Standard Size,5
273,2017-07-23,22,57,Small Size,2
274,2017-07-23,66,270,Standard Size,15
275,2017-07-24,70,300,Standard Size,5
276,2017-07-25,15,39,Small Size,4
277,2017-07-25,66,286,Standard Size,5
278,2017-07-26,81,355,Standard Size,5
279,2017-07-27,24,72,Small Size,2
280,2017-07-27,62,259,Standard Size,3
281,2017-07-28,52,223,Standard Size,5
282,2017-07-29,14,62,Small Size,5
283,2017-07-29,56,236,Standard Size,5
284,2017-07-30,52,214,Standard Size,5
285,2017-07-31,14,62,Small Size,5
286,2017-08-02,34,127,Small Size,2
287,2017-08-03,140,584,Standard Size,5
288,2017-08-04,25,108,Small Size,5
289,2017-08-04,102,415,Standard Size,5
290,2017-08-05,101,433,Standard Size,1
291,2017-08-06,18,63,Small Size,5
292,2017-08-06,89,373,Standard Size,5
293,2017-08-07,99,445,Standard Size,5
294,2017-08-08,14,52,Small Size,5
295,2017-08-08,87,375,Standard Size,2
296,2017-08-09,57,252,Standard Size,5
297,2017-08-10,17,63,Small Size,1
298,2017-08-10,41,165,Standard Size,5
299,2017-08-11,45,194,Standard Size,5
300,2017-08-12,13,46,Small Size,5
301,2017-08-12,40,172,Standard Size,5
302,2017-08-13,35,148,Standard Size,5
303,2017-08-14,14,44,Small Size,5
304,2017-08-14,29,125,Standard Size,4
305,2017-08-15,47,181,Standard Size,5
306,2017-08-16,11,41,Small Size,5
307,2017-08-16,31,126,Standard Size,5
308,2017-08-17,24,83,Standard Size,5
309,2017-08-18,15,57,Small Size,5
310,2017-08-18,25,97,Standard Size,5
311,2017-08-19,25,94,Standard Size,5
312,2017-08-20,18,62,Small Size,5
313,2017-08-20,23,84,Standard Size,5
314,2017-08-21,36,142,Standard Size,5
315,2017-08-22,13,49,Small Size,5
316,2017-08-22,34,123,Standard Size,5
317,2017-08-23,31,119,Standard Size,5
318,2017-08-24,23,91,Small Size,5
319,2017-08-24,23,98,Standard Size,5
320,2017-08-26,27,97,Small Size,5
321,2017-08-26,35,142,Standard Size,5
322,2017-08-27,34,117,Standard Size,2
323,2017-08-28,39,147,Small Size,5
324,2017-08-28,49,194,Standard Size,5
325,2017-08-29,41,152,Standard Size,4
326,2017-08-30,67,237,Small Size,5
327,2017-08-30,33,122,Standard Size,5
328,2017-08-31,40,141,Standard Size,5
329,2017-09-01,139,588,Standard Size,3
330,2017-09-01,139,588,Standard Size,5
331,2017-09-02,88,329,Standard Size,11
332,2017-09-03,107,412,Standard Size,5
333,2017-09-03,107,412,Standard Size,5
334,2017-09-04,103,419,Standard Size,5
335,2017-09-05,115,477,Standard Size,5
336,2017-09-05,115,477,Standard Size,5
337,2017-09-06,79,308,Standard Size,5
338,2017-09-07,96,383,Standard Size,5
339,2017-09-07,96,383,Standard Size,5
340,2017-09-08,89,401,Standard Size,5
341,2017-09-09,86,342,Standard Size,4
342,2017-09-09,86,342,Standard Size,5
343,2017-09-10,103,437,Standard Size,1
344,2017-09-11,176,738,Standard Size,5
345,2017-09-11,176,738,Standard Size,2
346,2017-09-12,138,601,Standard Size,5
347,2017-09-13,172,642,Standard Size,5
348,2017-09-13,172,642,Standard Size,5
349,2017-09-14,139,585,Standard Size,10
350,2017-09-15,136,578,Standard Size,5
351,2017-09-17,267,1010,Standard Size,5
352,2017-09-19,371,1343,Standard Size,5
353,2017-09-19,371,1343,Standard Size,5
354,2017-09-20,320,1217,Standard Size,7
355,2017-09-21,280,1014,Standard Size,5
356,2017-09-21,280,1014,Standard Size,1
357,2017-09-22,206,757,Standard Size,5
358,2017-09-23,176,670,Standard Size,2
359,2017-09-23,176,670,Standard Size,5
360,2017-09-24,123,528,Standard Size,5
361,2017-09-25,227,864,Standard Size,4
362,2017-09-25,227,864,Standard Size,5
363,2017-09-26,151,617,Standard Size,2
364,2017-09-27,169,663,Standard Size,5
365,2017-09-27,169,663,Standard Size,5
366,2017-09-28,155,641,Standard Size,5
367,2017-09-29,147,533,Standard Size,5
368,2017-10-01,273,1046,Standard Size,5
369,2017-10-02,255,954,Standard Size,5
370,2017-10-03,271,995,Standard Size,5
371,2017-10-03,271,995,Standard Size,5
372,2017-10-05,264,1005,Standard Size,2
373,2017-10-05,264,1005,Standard Size,5
374,2017-10-06,187,711,Standard Size,5
375,2017-10-07,140,527,Standard Size,5
376,2017-10-07,140,527,Standard Size,2
377,2017-10-08,137,503,Standard Size,5
378,2017-10-09,238,899,Standard Size,4
379,2017-10-09,238,899,Standard Size,4
380,2017-10-10,171,652,Standard Size,5
381,2017-10-11,200,748,Standard Size,5
382,2017-10-11,200,748,Standard Size,8
383,2017-10-12,148,590,Standard Size,5
384,2017-10-13,121,463,Standard Size,5
385,2017-10-13,121,463,Standard Size,5
386,2017-10-14,55,215,Standard Size,5
387,2017-10-15,130,515,Standard Size,5
388,2017-10-15,130,515,Standard Size,5
389,2017-10-16,132,545,Standard Size,5
390,2017-10-17,150,581,Standard Size,5
391,2017-10-17,150,581,Standard Size,5
392,2017-10-18,150,576,Standard Size,5
393,2017-10-19,129,520,Standard Size,5
394,2017-10-19,129,520,Standard Size,13
395,2017-10-20,107,402,Standard Size,3
396,2017-10-21,113,419,Standard Size,5
397,2017-10-21,113,419,Standard Size,2
398,2017-10-22,67,257,Standard Size,5
399,2017-10-23,123,438,Standard Size,5
400,2017-10-23,123,438,Standard Size,2
401,2017-10-24,112,429,Standard Size,5
402,2017-10-25,127,456,Standard Size,5
403,2017-10-25,127,456,Standard Size,5
404,2017-10-26,48,173,Standard Size,5
405,2017-10-27,74,265,Standard Size,5
406,2017-10-27,74,265,Standard Size,5
407,2017-10-28,68,255,Standard Size,5
408,2017-10-29,79,272,Standard Size,5
409,2017-10-29,79,272,Standard Size,5
410,2017-10-30,72,256,Standard Size,1
411,2017-11-01,123,414,Standard Size,5
412,2017-11-02,67,177,Standard Size,5
413,2017-11-03,50,141,Standard Size,5
414,2017-11-04,45,141,Standard Size,5
415,2017-11-05,44,120,Standard Size,5
416,2017-11-06,40,112,Standard Size,1
417,2017-11-07,29,84,Standard Size,3
418,2017-11-08,47,144,Standard Size,5
419,2017-11-09,44,149,Standard Size,5
420,2017-11-10,40,152,Standard Size,5
421,2017-11-11,40,155,Standard Size,3
422,2017-11-12,54,217,Standard Size,5
423,2017-11-13,43,160,Standard Size,5
424,2017-11-14,24,96,Standard Size,1
425,2017-11-15,18,51,Standard Size,5
426,2017-11-16,7,24,Standard Size,5
427,2017-11-17,15,48,Standard Size,2
428,2017-11-18,17,62,Standard Size,2
429,2017-11-19,22,84,Standard Size,5
430,2017-11-20,23,86,Standard Size,5
431,2017-11-21,10,29,Standard Size,2
432,2017-11-22,6,22,Standard Size,5
433,2017-11-23,6,22,Standard Size,5
434,2017-11-24,4,15,Standard Size,5
435,2017-11-25,7,27,Standard Size,5
436,2017-11-26,13,54,Standard Size,4
437,2017-11-27,9,44,Standard Size,5
438,2017-11-28,6,30,Standard Size,5
439,2017-11-29,11,44,Standard Size,5
440,2017-11-30,2,10,Standard Size,5
441,2017-12-01,6,28,Standard Size,5
442,2017-12-02,4,16,Standard Size,5
443,2017-12-03,4,20,Standard Size,5
444,2017-12-04,4,13,Standard Size,5
445,2017-12-05,4,16,Standard Size,1
446,2017-12-06,4,12,Standard Size,5
447,2017-12-07,5,13,Standard Size,1
448,2017-12-08,6,26,Standard Size,5
449,2017-12-09,6,30,Standard Size,5
450,2017-12-10,5,25,Standard Size,5
451,2017-12-11,7,32,Standard Size,5
452,2017-12-12,8,36,Standard Size,5
453,2017-12-13,4,16,Standard Size,5
454,2017-12-14,1,5,Standard Size,0
455,2017-12-15,4,8,Standard Size,5
456,2017-12-16,9,27,Standard Size,5
457,2017-12-17,14,47,Standard Size,5
458,2017-12-18,18,68,Standard Size,5
459,2017-12-19,15,50,Standard Size,5
460,2017-12-20,13,44,Standard Size,5
461,2017-12-21,9,33,Standard Size,3
462,2017-12-22,8,27,Standard Size,5
463,2017-12-23,4,13,Standard Size,5
464,2017-12-24,8,27,Standard Size,5
465,2017-12-25,6,23,Standard Size,5
466,2017-12-26,5,22,Standard Size,5
467,2017-12-27,7,26,Standard Size,3
468,2017-12-28,9,22,Standard Size,3
469,2017-12-29,9,30,Standard Size,5
470,2017-12-30,7,19,Standard Size,5
471,2017-12-31,5,17,Standard Size,5
472,2018-01-01,18,66,Standard Size,5
473,2018-01-02,23,75,Standard Size,1
474,2018-01-03,19,74,Standard Size,5
475,2018-01-04,11,41,Standard Size,5
476,2018-01-05,10,40,Standard Size,3
477,2018-01-06,4,12,Standard Size,5
478,2018-01-07,6,18,Standard Size,5
479,2018-01-08,11,31,Standard Size,1
480,2018-01-09,10,21,Standard Size,5
481,2018-01-10,8,26,Standard Size,5
482,2018-01-11,10,26,Standard Size,5
483,2018-01-12,5,5,Standard Size,1
484,2018-01-13,7,8,Standard Size,2
485,2018-01-14,8,17,Standard Size,5
486,2018-01-15,7,15,Standard Size,1
487,2018-01-16,6,18,Standard Size,1
488,2018-01-16,6,18,Standard Size,5
489,2018-01-17,10,31,Standard Size,4
490,2018-01-18,17,43,Standard Size,1
491,2018-01-18,17,43,Standard Size,5
492,2018-01-19,5,23,Standard Size,5
493,2018-01-20,2,8,Standard Size,4
494,2018-01-21,13,19,Standard Size,1
495,2018-01-21,13,19,Standard Size,1
496,2018-01-22,9,27,Standard Size,5
497,2018-01-23,6,22,Standard Size,1
498,2018-01-24,5,21,Standard Size,5
499,2018-01-25,15,49,Standard Size,5
500,2018-01-25,15,49,Standard Size,5
501,2018-01-26,21,51,Standard Size,1
502,2018-01-27,11,28,Standard Size,5
503,2018-01-28,12,35,Standard Size,5
504,2018-01-29,14,29,Standard Size,5
505,2018-01-30,17,42,Standard Size,2
506,2018-01-31,18,48,Standard Size,5
507,2018-02-01,29,86,Standard Size,5
508,2018-02-02,20,67,Standard Size,5
509,2018-02-03,28,78,Standard Size,5
510,2018-02-03,28,78,Standard Size,5
511,2018-02-04,17,50,Standard Size,3
512,2018-02-05,32,95,Standard Size,5
513,2018-02-06,22,57,Standard Size,2
514,2018-02-07,37,104,Standard Size,5
515,2018-02-08,26,80,Standard Size,5
516,2018-02-09,26,82,Standard Size,2
517,2018-02-10,17,57,Standard Size,5
518,2018-02-11,15,48,Standard Size,5
519,2018-02-12,20,43,Standard Size,5
520,2018-02-13,22,50,Standard Size,4
521,2018-02-14,21,50,Standard Size,5
522,2018-02-15,27,72,Standard Size,1
523,2018-02-16,26,67,Standard Size,5
524,2018-02-17,34,105,Standard Size,1
525,2018-02-18,34,91,Standard Size,5
526,2018-02-19,42,129,Standard Size,5
527,2018-02-20,43,126,Standard Size,1
528,2018-02-21,30,75,Standard Size,5
529,2018-02-22,24,61,Standard Size,5
530,2018-02-23,29,73,Standard Size,5
531,2018-02-24,36,109,Standard Size,3
532,2018-02-25,42,140,Standard Size,4
533,2018-02-26,73,227,Standard Size,1
534,2018-02-27,83,250,Standard Size,5
535,2018-02-28,76,227,Standard Size,5
536,2018-03-01,85,296,Standard Size,5
537,2018-03-01,85,296,Standard Size,5
538,2018-03-02,57,184,Standard Size,5
539,2018-03-02,57,184,Standard Size,5
540,2018-03-03,72,244,Standard Size,5
541,2018-03-03,72,244,Standard Size,2
542,2018-03-04,84,305,Standard Size,2
543,2018-03-04,84,305,Standard Size,3
544,2018-03-05,109,397,Standard Size,1
545,2018-03-05,109,397,Standard Size,5
546,2018-03-06,89,321,Standard Size,5
547,2018-03-06,89,321,Standard Size,5
548,2018-03-07,69,246,Standard Size,3
549,2018-03-07,69,246,Standard Size,5
550,2018-03-08,80,286,Standard Size,1
551,2018-03-08,80,286,Standard Size,5
552,2018-03-09,55,203,Standard Size,5
553,2018-03-09,55,203,Standard Size,5
554,2018-03-10,52,194,Standard Size,5
555,2018-03-11,79,299,Standard Size,5
556,2018-03-11,79,299,Standard Size,5
557,2018-03-12,106,392,Standard Size,5
558,2018-03-12,106,392,Standard Size,5
559,2018-03-13,87,319,Standard Size,5
560,2018-03-13,87,319,Standard Size,5
561,2018-03-14,106,390,Standard Size,5
562,2018-03-14,106,390,Standard Size,5
563,2018-03-15,111,409,Standard Size,4
564,2018-03-15,111,409,Standard Size,5
565,2018-03-16,75,274,Standard Size,5
566,2018-03-16,75,274,Standard Size,5
567,2018-03-17,79,288,Standard Size,4
568,2018-03-18,89,329,Standard Size,1
569,2018-03-18,89,329,Standard Size,5
570,2018-03-19,83,300,Standard Size,5
571,2018-03-20,107,414,Standard Size,5
572,2018-03-20,107,414,Standard Size,5
573,2018-03-21,104,404,Standard Size,5
574,2018-03-21,104,404,Standard Size,5
575,2018-03-22,117,446,Standard Size,5
576,2018-03-22,117,446,Standard Size,5
577,2018-03-23,119,448,Standard Size,5
578,2018-03-23,119,448,Standard Size,5
579,2018-03-24,91,350,Standard Size,1
580,2018-03-24,91,350,Standard Size,5
581,2018-03-25,99,355,Standard Size,1
582,2018-03-25,99,355,Standard Size,5
583,2018-03-26,114,426,Standard Size,5
584,2018-03-26,114,426,Standard Size,5
585,2018-03-27,102,406,Standard Size,5
586,2018-03-27,102,406,Standard Size,5
587,2018-03-28,117,481,Standard Size,11
588,2018-03-28,117,481,Standard Size,1
589,2018-03-29,136,540,Standard Size,5
590,2018-03-29,136,540,Standard Size,5
591,2018-03-30,142,581,Standard Size,5
592,2018-03-30,142,581,Standard Size,2
593,2018-03-31,114,480,Standard Size,5
594,2018-03-31,114,480,Standard Size,4
595,2018-04-01,70,237,Small Size,3
596,2018-04-01,152,585,Standard Size,5
597,2018-04-02,126,455,Standard Size,2
598,2018-04-03,54,182,Small Size,3
599,2018-04-03,109,424,Standard Size,5
600,2018-04-04,78,296,Standard Size,5
601,2018-04-05,53,177,Small Size,5
602,2018-04-05,84,326,Standard Size,5
603,2018-04-06,66,272,Standard Size,5
604,2018-04-07,42,150,Small Size,5
605,2018-04-07,70,290,Standard Size,5
606,2018-04-08,70,258,Standard Size,5
607,2018-04-09,69,221,Small Size,1
608,2018-04-09,125,549,Standard Size,5
609,2018-04-10,113,450,Standard Size,2
610,2018-04-11,57,182,Small Size,5
611,2018-04-11,115,449,Standard Size,5
612,2018-04-12,95,348,Standard Size,3
613,2018-04-13,41,137,Small Size,5
614,2018-04-13,75,324,Standard Size,2
615,2018-04-14,71,306,Standard Size,4
616,2018-04-15,38,109,Small Size,1
617,2018-04-15,100,395,Standard Size,3
618,2018-04-16,115,477,Standard Size,2
619,2018-04-17,44,121,Small Size,1
620,2018-04-17,132,502,Standard Size,3
621,2018-04-18,138,557,Standard Size,5
622,2018-04-19,42,131,Small Size,5
623,2018-04-19,127,499,Standard Size,5
624,2018-04-20,88,354,Standard Size,5
625,2018-04-21,49,169,Small Size,5
626,2018-04-21,88,350,Standard Size,5
627,2018-04-23,63,199,Small Size,5
628,2018-04-23,179,724,Standard Size,2
629,2018-04-24,157,595,Standard Size,5
630,2018-04-25,62,180,Small Size,4
631,2018-04-25,197,768,Standard Size,4
632,2018-04-26,160,650,Standard Size,5
633,2018-04-27,60,193,Small Size,3
634,2018-04-27,160,625,Standard Size,5
635,2018-04-28,163,678,Standard Size,5
636,2018-04-29,63,182,Small Size,1
637,2018-04-29,198,826,Standard Size,5
638,2018-05-01,51,185,Small Size,5
639,2018-05-01,152,653,Standard Size,12
640,2018-05-02,109,473,Standard Size,5
641,2018-05-03,41,142,Small Size,5
642,2018-05-03,92,417,Standard Size,2
643,2018-05-05,42,149,Small Size,5
644,2018-05-07,66,255,Small Size,5
645,2018-05-08,156,638,Standard Size,2
646,2018-05-09,60,215,Small Size,3
647,2018-05-09,113,449,Standard Size,5
648,2018-05-10,123,499,Standard Size,1
649,2018-05-11,46,161,Small Size,5
650,2018-05-11,84,373,Standard Size,5
651,2018-05-12,98,423,Standard Size,5
652,2018-05-13,41,149,Small Size,3
653,2018-05-13,110,469,Standard Size,5
654,2018-05-14,152,673,Standard Size,5
655,2018-05-15,55,208,Small Size,5
656,2018-05-15,135,610,Standard Size,5
657,2018-05-16,139,569,Standard Size,5
658,2018-05-17,59,224,Small Size,5
659,2018-05-17,111,494,Standard Size,3
660,2018-05-18,118,524,Standard Size,5
661,2018-05-19,39,139,Small Size,5
662,2018-05-20,119,478,Standard Size,5
663,2018-05-21,44,171,Small Size,5
664,2018-05-21,128,497,Standard Size,13
665,2018-05-23,45,167,Small Size,5
666,2018-05-23,121,497,Standard Size,5
667,2018-05-24,114,470,Standard Size,5
668,2018-05-25,34,129,Small Size,5
669,2018-05-26,133,569,Standard Size,5
670,2018-05-27,31,116,Small Size,5
671,2018-05-27,103,422,Standard Size,5
672,2018-05-28,132,533,Standard Size,5
673,2018-05-29,37,136,Small Size,5
674,2018-05-29,109,442,Standard Size,9
675,2018-05-30,117,482,Standard Size,5
676,2018-05-31,49,185,Small Size,5
677,2018-06-02,44,176,Small Size,5
678,2018-06-02,163,663,Standard Size,5
679,2018-06-03,144,587,Standard Size,3
680,2018-06-04,58,203,Small Size,5
681,2018-06-04,200,876,Standard Size,5
682,2018-06-05,163,699,Standard Size,4
683,2018-06-06,44,157,Small Size,5
684,2018-06-06,121,488,Standard Size,3
685,2018-06-08,32,132,Small Size,5
686,2018-06-08,95,398,Standard Size,5
687,2018-06-10,40,145,Small Size,5
688,2018-06-11,216,892,Standard Size,2
689,2018-06-12,37,156,Small Size,4
690,2018-06-12,145,656,Standard Size,2
691,2018-06-13,138,612,Standard Size,44
692,2018-06-14,32,121,Small Size,5
693,2018-06-14,104,485,Standard Size,5
694,2018-06-16,31,116,Small Size,5
695,2018-06-16,120,516,Standard Size,5
696,2018-06-18,37,136,Small Size,2
697,2018-06-18,200,847,Standard Size,5
698,2018-06-19,159,731,Standard Size,5
699,2018-06-20,36,145,Small Size,5
700,2018-06-20,163,757,Standard Size,5
701,2018-06-21,149,701,Standard Size,5
702,2018-06-22,38,164,Small Size,5
703,2018-06-22,122,592,Standard Size,5
704,2018-06-23,90,382,Standard Size,4
705,2018-06-24,41,151,Small Size,5
706,2018-06-24,101,431,Standard Size,5
707,2018-06-26,36,150,Small Size,5
708,2018-06-27,152,748,Standard Size,2
709,2018-06-28,43,183,Small Size,5
710,2018-06-28,109,494,Standard Size,5
711,2018-06-29,112,468,Standard Size,3
712,2018-06-30,38,155,Small Size,5
713,2018-06-30,115,479,Standard Size,5
714,2018-07-02,60,243,Small Size,5
715,2018-07-03,167,723,Standard Size,5
716,2018-07-04,37,145,Small Size,5
717,2018-07-04,105,498,Standard Size,5
718,2018-07-05,91,426,Standard Size,5
719,2018-07-06,29,108,Small Size,5
720,2018-07-06,94,384,Standard Size,5
721,2018-07-07,88,354,Standard Size,5
722,2018-07-08,21,64,Small Size,5
723,2018-07-09,144,607,Standard Size,5
724,2018-07-10,27,105,Small Size,5
725,2018-07-10,117,480,Standard Size,5
726,2018-07-11,108,442,Standard Size,5
727,2018-07-12,6,25,Small Size,4
728,2018-07-13,83,318,Standard Size,5
729,2018-07-14,22,89,Small Size,5
730,2018-07-14,53,217,Standard Size,1
731,2018-07-16,24,108,Small Size,11
732,2018-07-16,97,422,Standard Size,5
733,2018-07-17,83,353,Standard Size,2
734,2018-07-18,14,48,Small Size,1
735,2018-07-18,64,241,Standard Size,2
736,2018-07-19,39,164,Standard Size,5
737,2018-07-20,17,68,Small Size,5
738,2018-07-20,62,248,Standard Size,3
739,2018-07-21,35,142,Standard Size,12
740,2018-07-22,18,79,Small Size,5
741,2018-07-22,56,255,Standard Size,5
742,2018-07-23,70,327,Standard Size,4
743,2018-07-24,20,76,Small Size,3
744,2018-07-24,59,239,Standard Size,5
745,2018-07-25,60,286,Standard Size,5
746,2018-07-26,23,80,Small Size,5
747,2018-07-26,40,195,Standard Size,3
748,2018-07-27,46,217,Standard Size,2
749,2018-07-28,15,61,Small Size,5
750,2018-07-28,40,219,Standard Size,38
751,2018-07-29,40,196,Standard Size,5
752,2018-07-30,12,40,Small Size,5
753,2018-07-30,60,258,Standard Size,3
754,2018-07-31,68,294,Standard Size,5
755,2018-08-01,28,101,Small Size,5
756,2018-08-02,123,574,Standard Size,5
757,2018-08-03,18,78,Small Size,5
758,2018-08-03,79,347,Standard Size,5
759,2018-08-04,67,304,Standard Size,5
760,2018-08-05,23,82,Small Size,5
761,2018-08-05,58,246,Standard Size,1
762,2018-08-06,91,401,Standard Size,4
763,2018-08-07,28,110,Small Size,5
764,2018-08-07,56,225,Standard Size,5
765,2018-08-08,61,248,Standard Size,5
766,2018-08-09,29,100,Small Size,5
767,2018-08-09,45,191,Standard Size,5
768,2018-08-10,45,160,Standard Size,2
769,2018-08-11,23,86,Small Size,5
770,2018-08-11,37,164,Standard Size,5
771,2018-08-12,30,133,Standard Size,5
772,2018-08-13,25,95,Small Size,5
773,2018-08-13,56,253,Standard Size,5
774,2018-08-15,24,90,Small Size,5
775,2018-08-15,84,321,Standard Size,5
776,2018-08-16,71,282,Standard Size,5
777,2018-08-17,31,124,Small Size,5
778,2018-08-17,95,391,Standard Size,3
779,2018-08-18,89,358,Standard Size,5
780,2018-08-19,29,114,Small Size,5
781,2018-08-19,88,362,Standard Size,5
782,2018-08-20,99,388,Standard Size,4
783,2018-08-21,21,70,Small Size,3
784,2018-08-21,72,263,Standard Size,5
785,2018-08-22,71,301,Standard Size,5
786,2018-08-23,21,73,Small Size,5
787,2018-08-23,58,247,Standard Size,5
788,2018-08-24,96,376,Standard Size,1
789,2018-08-25,30,108,Small Size,5
790,2018-08-27,39,142,Small Size,2
791,2018-08-27,99,385,Standard Size,5
792,2018-08-28,66,248,Standard Size,5
793,2018-08-29,51,172,Small Size,5
794,2018-08-29,73,293,Standard Size,5
795,2018-08-30,79,310,Standard Size,5
796,2018-08-31,85,307,Small Size,5
797,2018-08-31,88,369,Standard Size,5
798,2018-09-02,178,772,Standard Size,2
799,2018-09-04,260,1082,Standard Size,5
800,2018-09-04,260,1082,Standard Size,5
801,2018-09-05,196,797,Standard Size,5
802,2018-09-06,172,691,Standard Size,5
803,2018-09-06,172,691,Standard Size,5
804,2018-09-07,138,560,Standard Size,5
805,2018-09-08,145,599,Standard Size,5
806,2018-09-08,145,599,Standard Size,2
807,2018-09-09,136,567,Standard Size,5
808,2018-09-10,258,1042,Standard Size,3
809,2018-09-10,258,1042,Standard Size,41
810,2018-09-11,179,681,Standard Size,1
811,2018-09-12,203,840,Standard Size,5
812,2018-09-12,203,840,Standard Size,38
813,2018-09-13,138,627,Standard Size,5
814,2018-09-14,140,577,Standard Size,5
815,2018-09-16,315,1270,Standard Size,5
816,2018-09-17,397,1572,Standard Size,5
817,2018-09-18,368,1485,Standard Size,5
818,2018-09-19,325,1286,Standard Size,13
819,2018-09-20,360,1522,Standard Size,5
820,2018-09-20,360,1522,Standard Size,5
821,2018-09-21,223,925,Standard Size,5
822,2018-09-22,254,1105,Standard Size,5
823,2018-09-22,254,1105,Standard Size,11
824,2018-09-24,369,1534,Standard Size,5
825,2018-09-24,369,1534,Standard Size,5
826,2018-09-25,282,1115,Standard Size,5
827,2018-09-26,322,1339,Standard Size,5
828,2018-09-26,322,1339,Standard Size,1
829,2018-09-28,310,1300,Standard Size,5
830,2018-09-28,310,1300,Standard Size,38
831,2018-09-29,222,904,Standard Size,2
832,2018-09-30,275,1048,Standard Size,10
833,2018-10-02,447,1699,Standard Size,4
834,2018-10-03,308,1160,Standard Size,5
835,2018-10-04,289,1074,Standard Size,3
836,2018-10-04,289,1074,Standard Size,5
837,2018-10-05,190,714,Standard Size,4
838,2018-10-06,243,942,Standard Size,5
839,2018-10-06,243,942,Standard Size,3
840,2018-10-08,275,1028,Standard Size,4
841,2018-10-09,199,717,Standard Size,5
842,2018-10-10,260,993,Standard Size,5
843,2018-10-10,260,993,Standard Size,5
844,2018-10-11,151,578,Standard Size,5
845,2018-10-12,165,677,Standard Size,5
846,2018-10-12,165,677,Standard Size,5
847,2018-10-13,124,476,Standard Size,5
848,2018-10-14,186,699,Standard Size,5
849,2018-10-14,186,699,Standard Size,5
850,2018-10-15,203,754,Standard Size,4
851,2018-10-16,157,553,Standard Size,3
852,2018-10-17,150,546,Standard Size,5
853,2018-10-18,156,551,Standard Size,5
854,2018-10-18,156,551,Standard Size,3
855,2018-10-19,76,294,Standard Size,5
856,2018-10-20,110,424,Standard Size,5
857,2018-10-20,110,424,Standard Size,5
858,2018-10-21,70,264,Standard Size,5
859,2018-10-22,134,478,Standard Size,5
860,2018-10-22,134,478,Standard Size,5
861,2018-10-23,69,230,Standard Size,2
862,2018-10-24,101,369,Standard Size,3
863,2018-10-24,101,369,Standard Size,5
864,2018-10-25,75,287,Standard Size,5
865,2018-10-26,98,363,Standard Size,5
866,2018-10-26,98,363,Standard Size,5
867,2018-10-27,72,291,Standard Size,5
868,2018-10-28,137,507,Standard Size,5
869,2018-10-28,137,507,Standard Size,1
870,2018-10-29,119,462,Standard Size,5
871,2018-10-30,137,534,Standard Size,5
872,2018-10-30,137,534,Standard Size,5
873,2018-10-31,85,322,Standard Size,5
874,2018-11-01,172,532,Standard Size,5
875,2018-11-02,93,273,Standard Size,5
876,2018-11-03,73,224,Standard Size,5
877,2018-11-04,86,273,Standard Size,2
878,2018-11-05,112,345,Standard Size,3
879,2018-11-06,64,180,Standard Size,2
880,2018-11-07,48,161,Standard Size,2
881,2018-11-08,25,83,Standard Size,5
882,2018-11-09,15,44,Standard Size,1
883,2018-11-10,15,52,Standard Size,2
884,2018-11-11,23,76,Standard Size,4
885,2018-11-12,39,144,Standard Size,5
886,2018-11-13,30,91,Standard Size,4
887,2018-11-14,29,110,Standard Size,5
888,2018-11-15,31,108,Standard Size,4
889,2018-11-16,31,130,Standard Size,5
890,2018-11-17,33,135,Standard Size,5
891,2018-11-18,27,94,Standard Size,5
892,2018-11-19,31,111,Standard Size,3
893,2018-11-20,22,79,Standard Size,2
894,2018-11-21,16,48,Standard Size,5
895,2018-11-22,26,84,Standard Size,5
896,2018-11-23,16,51,Standard Size,5
897,2018-11-24,9,19,Standard Size,2
898,2018-11-25,8,14,Standard Size,5
899,2018-11-26,10,31,Standard Size,5
900,2018-11-27,13,46,Standard Size,3
901,2018-11-28,16,56,Standard Size,5
902,2018-11-29,8,31,Standard Size,5
903,2018-11-30,15,47,Standard Size,5
904,2018-12-01,18,67,Standard Size,5
905,2018-12-02,13,36,Standard Size,5
906,2018-12-03,22,86,Standard Size,5
907,2018-12-04,20,76,Standard Size,3
908,2018-12-05,23,86,Standard Size,5
909,2018-12-06,18,67,Standard Size,1
910,2018-12-07,7,35,Standard Size,5
911,2018-12-08,4,16,Standard Size,5
912,2018-12-09,1,5,Standard Size,5
913,2018-12-10,5,18,Standard Size,5
914,2018-12-11,12,29,Standard Size,5
915,2018-12-12,11,38,Standard Size,5
916,2018-12-13,10,19,Standard Size,1
917,2018-12-14,11,24,Standard Size,1
918,2018-12-15,14,39,Standard Size,5
919,2018-12-16,16,50,Standard Size,2
920,2018-12-17,26,83,Standard Size,5
921,2018-12-18,28,88,Standard Size,3
922,2018-12-19,29,78,Standard Size,5
923,2018-12-20,25,74,Standard Size,5
924,2018-12-21,16,44,Standard Size,5
925,2018-12-22,13,32,Standard Size,5
926,2018-12-23,6,22,Standard Size,5
927,2018-12-24,2,6,Standard Size,5
928,2018-12-25,5,17,Standard Size,5
929,2018-12-26,3,15,Standard Size,5
930,2018-12-27,2,6,Standard Size,1
931,2018-12-28,2,6,Standard Size,1
932,2018-12-29,4,8,Standard Size,1
933,2018-12-30,6,16,Standard Size,5
934,2018-12-31,5,7,Standard Size,1
935,2019-01-01,33,118,Standard Size,5
936,2019-01-02,23,85,Standard Size,5
937,2019-01-03,22,76,Standard Size,1
938,2019-01-04,20,68,Standard Size,5
939,2019-01-05,16,57,Standard Size,5
940,2019-01-06,10,34,Standard Size,5
941,2019-01-07,14,32,Standard Size,3
942,2019-01-08,14,36,Standard Size,1
943,2019-01-09,8,15,Standard Size,3
944,2019-01-10,10,19,Standard Size,5
945,2019-01-11,5,11,Standard Size,5
946,2019-01-12,7,24,Standard Size,2
947,2019-01-13,8,21,Standard Size,5
948,2019-01-14,12,23,Standard Size,1
949,2019-01-15,14,42,Standard Size,4
950,2019-01-16,11,25,Standard Size,5
951,2019-01-17,8,19,Standard Size,5
952,2019-01-18,9,32,Standard Size,5
953,2019-01-19,6,15,Standard Size,5
954,2019-01-20,24,63,Standard Size,5
955,2019-01-21,25,56,Standard Size,5
956,2019-01-22,23,55,Standard Size,5
957,2019-01-23,11,25,Standard Size,2
958,2019-01-24,12,41,Standard Size,5
959,2019-01-25,7,19,Standard Size,1
960,2019-01-26,8,28,Standard Size,5
961,2019-01-27,10,37,Standard Size,5
962,2019-01-28,20,58,Standard Size,3
963,2019-01-29,13,27,Standard Size,1
964,2019-01-30,15,43,Standard Size,1
965,2019-01-31,16,43,Standard Size,3
966,2019-02-01,19,45,Standard Size,5
967,2019-02-02,22,51,Standard Size,5
968,2019-02-03,12,32,Standard Size,2
969,2019-02-04,36,108,Standard Size,5
970,2019-02-05,18,46,Standard Size,5
971,2019-02-06,31,83,Standard Size,5
972,2019-02-07,21,53,Standard Size,1
973,2019-02-08,26,80,Standard Size,5
974,2019-02-09,13,25,Standard Size,5
975,2019-02-10,27,86,Standard Size,5
976,2019-02-11,25,62,Standard Size,5
977,2019-02-12,24,61,Standard Size,5
978,2019-02-13,24,53,Standard Size,5
979,2019-02-14,29,80,Standard Size,1
980,2019-02-15,18,38,Standard Size,5
981,2019-02-16,20,66,Standard Size,5
982,2019-02-17,18,54,Standard Size,5
983,2019-02-18,36,97,Standard Size,3
984,2019-02-19,40,103,Standard Size,5
985,2019-02-20,40,108,Standard Size,5
986,2019-02-21,29,77,Standard Size,2
987,2019-02-22,30,76,Standard Size,1
988,2019-02-23,28,84,Standard Size,3
989,2019-02-24,55,162,Standard Size,5
990,2019-02-25,67,214,Standard Size,3
991,2019-02-26,63,205,Standard Size,5
992,2019-02-27,62,188,Standard Size,3
993,2019-02-28,97,322,Standard Size,3
994,2019-03-01,95,351,Standard Size,5
995,2019-03-01,95,351,Standard Size,5
996,2019-03-02,70,256,Standard Size,4
997,2019-03-02,70,256,Standard Size,5
998,2019-03-03,72,288,Standard Size,5
999,2019-03-03,72,288,Standard Size,5
1000,2019-03-04,88,321,Standard Size,2
1001,2019-03-04,88,321,Standard Size,4
1002,2019-03-05,103,406,Standard Size,5
1003,2019-03-05,103,406,Standard Size,38
1004,2019-03-06,104,360,Standard Size,3
1005,2019-03-06,104,360,Standard Size,5
1006,2019-03-07,102,345,Standard Size,5
1007,2019-03-07,102,345,Standard Size,2
1008,2019-03-08,100,329,Standard Size,5
1009,2019-03-08,100,329,Standard Size,5
1010,2019-03-09,72,254,Standard Size,5
1011,2019-03-09,72,254,Standard Size,5
1012,2019-03-10,75,271,Standard Size,5
1013,2019-03-10,75,271,Standard Size,5
1014,2019-03-11,67,236,Standard Size,3
1015,2019-03-12,60,253,Standard Size,5
1016,2019-03-12,60,253,Standard Size,5
1017,2019-03-13,83,299,Standard Size,5
1018,2019-03-13,83,299,Standard Size,5
1019,2019-03-14,77,257,Standard Size,5
1020,2019-03-14,77,257,Standard Size,5
1021,2019-03-15,94,371,Standard Size,5
1022,2019-03-15,94,371,Standard Size,5
1023,2019-03-16,72,290,Standard Size,5
1024,2019-03-16,72,290,Standard Size,5
1025,2019-03-17,104,393,Standard Size,5
1026,2019-03-17,104,393,Standard Size,2
1027,2019-03-18,104,381,Standard Size,2
1028,2019-03-18,104,381,Standard Size,2
1029,2019-03-19,95,372,Standard Size,3
1030,2019-03-19,95,372,Standard Size,5
1031,2019-03-20,100,354,Standard Size,5
1032,2019-03-20,100,354,Standard Size,5
1033,2019-03-21,103,376,Standard Size,5
1034,2019-03-21,103,376,Standard Size,5
1035,2019-03-22,91,369,Standard Size,13
1036,2019-03-22,91,369,Standard Size,5
1037,2019-03-23,83,366,Standard Size,12
1038,2019-03-23,83,366,Standard Size,5
1039,2019-03-24,100,420,Standard Size,5
1040,2019-03-24,100,420,Standard Size,5
1041,2019-03-25,113,424,Standard Size,5
1042,2019-03-25,113,424,Standard Size,5
1043,2019-03-26,108,405,Standard Size,5
1044,2019-03-26,108,405,Standard Size,5
1045,2019-03-27,127,478,Standard Size,5
1046,2019-03-27,127,478,Standard Size,5
1047,2019-03-28,117,448,Standard Size,5
1048,2019-03-28,117,448,Standard Size,5
1049,2019-03-29,103,392,Standard Size,5
1050,2019-03-29,103,392,Standard Size,5
1051,2019-03-30,92,336,Standard Size,5
1052,2019-03-30,92,336,Standard Size,3
1053,2019-03-31,95,358,Standard Size,5
1054,2019-03-31,95,358,Standard Size,5
1055,2019-04-01,93,315,Small Size,5
1056,2019-04-02,158,614,Standard Size,5
1057,2019-04-03,84,279,Small Size,5
1058,2019-04-03,109,419,Standard Size,5
1059,2019-04-04,110,428,Standard Size,12
1060,2019-04-05,78,274,Small Size,5
1061,2019-04-05,105,401,Standard Size,5
1062,2019-04-06,94,366,Standard Size,5
1063,2019-04-07,70,229,Small Size,5
1064,2019-04-07,106,395,Standard Size,5
1065,2019-04-08,125,463,Standard Size,5
1066,2019-04-09,66,244,Small Size,5
1067,2019-04-09,118,435,Standard Size,5
1068,2019-04-10,98,373,Standard Size,2
1069,2019-04-11,66,246,Small Size,5
1070,2019-04-11,74,276,Standard Size,5
1071,2019-04-12,89,333,Standard Size,5
1072,2019-04-13,60,230,Small Size,5
1073,2019-04-13,86,318,Standard Size,5
1074,2019-04-15,62,231,Small Size,3
1075,2019-04-15,169,625,Standard Size,5
1076,2019-04-16,139,505,Standard Size,5
1077,2019-04-17,80,297,Small Size,5
1078,2019-04-17,156,587,Standard Size,5
1079,2019-04-18,154,569,Standard Size,5
1080,2019-04-19,66,236,Small Size,5
1081,2019-04-19,165,615,Standard Size,5
1082,2019-04-21,61,223,Small Size,5
1083,2019-04-23,57,178,Small Size,5
1084,2019-04-23,189,715,Standard Size,5
1085,2019-04-24,154,593,Standard Size,3
1086,2019-04-25,52,161,Small Size,5
1087,2019-04-25,161,611,Standard Size,1
1088,2019-04-26,136,509,Standard Size,5
1089,2019-04-27,43,141,Small Size,5
1090,2019-04-27,146,557,Standard Size,5
1091,2019-04-28,162,637,Standard Size,5
1092,2019-04-29,72,237,Small Size,5
1093,2019-04-29,189,748,Standard Size,5
1094,2019-05-01,49,182,Small Size,1
1095,2019-05-01,148,628,Standard Size,5
1096,2019-05-02,95,406,Standard Size,5
1097,2019-05-03,40,158,Small Size,5
1098,2019-05-03,73,344,Standard Size,38
1099,2019-05-04,71,304,Standard Size,5
1100,2019-05-05,47,171,Small Size,4
1101,2019-05-05,104,463,Standard Size,5
1102,2019-05-06,94,373,Standard Size,2
1103,2019-05-07,38,144,Small Size,5
1104,2019-05-07,73,294,Standard Size,5
1105,2019-05-08,58,228,Standard Size,5
1106,2019-05-09,38,139,Small Size,5
1107,2019-05-09,72,304,Standard Size,5
1108,2019-05-11,32,104,Small Size,5
1109,2019-05-11,66,287,Standard Size,5
1110,2019-05-12,80,321,Standard Size,5
1111,2019-05-13,55,207,Small Size,5
1112,2019-05-13,125,498,Standard Size,5
1113,2019-05-14,109,444,Standard Size,5
1114,2019-05-15,44,178,Small Size,3
1115,2019-05-16,128,531,Standard Size,5
1116,2019-05-17,46,177,Small Size,5
1117,2019-05-17,93,408,Standard Size,5
1118,2019-05-18,93,412,Standard Size,5
1119,2019-05-19,53,205,Small Size,1
1120,2019-05-19,96,391,Standard Size,5
1121,2019-05-20,140,584,Standard Size,13
1122,2019-05-21,47,186,Small Size,5
1123,2019-05-21,90,353,Standard Size,5
1124,2019-05-22,107,461,Standard Size,5
1125,2019-05-23,39,155,Small Size,5
1126,2019-05-23,92,396,Standard Size,5
1127,2019-05-24,81,338,Standard Size,5
1128,2019-05-25,39,161,Small Size,5
1129,2019-05-25,114,462,Standard Size,9
1130,2019-05-26,116,432,Standard Size,5
1131,2019-05-27,42,177,Small Size,5
1132,2019-05-27,114,437,Standard Size,3
1133,2019-05-28,103,414,Standard Size,5
1134,2019-05-29,41,156,Small Size,5
1135,2019-05-29,115,444,Standard Size,12
1136,2019-05-31,45,185,Small Size,5
1137,2019-06-01,150,546,Standard Size,5
1138,2019-06-02,65,256,Small Size,5
1139,2019-06-03,195,799,Standard Size,5
1140,2019-06-04,61,240,Small Size,5
1141,2019-06-04,140,546,Standard Size,5
1142,2019-06-05,133,502,Standard Size,3
1143,2019-06-06,45,170,Small Size,5
1144,2019-06-06,95,369,Standard Size,5
1145,2019-06-07,93,387,Standard Size,5
1146,2019-06-08,39,158,Small Size,5
1147,2019-06-09,98,413,Standard Size,5
1148,2019-06-10,49,185,Small Size,4
1149,2019-06-10,161,720,Standard Size,5
1150,2019-06-11,141,585,Standard Size,9
1151,2019-06-12,42,154,Small Size,2
1152,2019-06-13,106,501,Standard Size,5
1153,2019-06-14,29,90,Small Size,5
1154,2019-06-14,125,607,Standard Size,5
1155,2019-06-16,32,117,Small Size,5
1156,2019-06-16,137,649,Standard Size,12
1157,2019-06-18,34,110,Small Size,5
1158,2019-06-18,195,887,Standard Size,5
1159,2019-06-19,155,729,Standard Size,13
1160,2019-06-20,23,87,Small Size,5
1161,2019-06-20,155,720,Standard Size,5
1162,2019-06-22,29,107,Small Size,5
1163,2019-06-22,116,515,Standard Size,5
1164,2019-06-23,104,488,Standard Size,5
1165,2019-06-24,34,147,Small Size,5
1166,2019-06-26,31,133,Small Size,5
1167,2019-06-26,145,649,Standard Size,5
1168,2019-06-27,96,439,Standard Size,2
1169,2019-06-28,31,137,Small Size,5
1170,2019-06-28,88,393,Standard Size,5
1171,2019-06-29,92,439,Standard Size,2
1172,2019-06-30,32,138,Small Size,4
1173,2019-06-30,107,530,Standard Size,5
1174,2019-07-02,52,239,Small Size,5
1175,2019-07-03,168,730,Standard Size,5
1176,2019-07-04,31,121,Small Size,5
1177,2019-07-04,107,480,Standard Size,5
1178,2019-07-05,90,420,Standard Size,5
1179,2019-07-06,28,114,Small Size,5
1180,2019-07-06,91,397,Standard Size,10
1181,2019-07-07,96,423,Standard Size,5
1182,2019-07-08,32,117,Small Size,5
1183,2019-07-08,97,413,Standard Size,5
1184,2019-07-09,80,315,Standard Size,10
1185,2019-07-10,32,125,Small Size,5
1186,2019-07-10,82,319,Standard Size,2
1187,2019-07-11,69,260,Standard Size,5
1188,2019-07-12,19,78,Small Size,5
1189,2019-07-12,61,241,Standard Size,5
1190,2019-07-13,63,266,Standard Size,2
1191,2019-07-14,28,99,Small Size,3
1192,2019-07-14,73,308,Standard Size,5
1193,2019-07-15,86,371,Standard Size,4
1194,2019-07-16,27,93,Small Size,5
1195,2019-07-16,69,302,Standard Size,38
1196,2019-07-17,104,440,Standard Size,5
1197,2019-07-18,31,125,Small Size,5
1198,2019-07-18,83,357,Standard Size,5
1199,2019-07-19,83,338,Standard Size,5
1200,2019-07-20,29,124,Small Size,5
1201,2019-07-20,86,373,Standard Size,5
1202,2019-07-22,24,93,Small Size,5
1203,2019-07-22,95,425,Standard Size,5
1204,2019-07-23,96,431,Standard Size,5
1205,2019-07-24,29,116,Small Size,5
1206,2019-07-25,114,483,Standard Size,5
1207,2019-07-26,20,86,Small Size,5
1208,2019-07-26,69,289,Standard Size,5
1209,2019-07-27,59,253,Standard Size,5
1210,2019-07-28,22,78,Small Size,4
1211,2019-07-28,58,239,Standard Size,5
1212,2019-07-29,64,278,Standard Size,5
1213,2019-07-30,26,101,Small Size,10
1214,2019-07-30,58,248,Standard Size,4
1215,2019-07-31,46,204,Standard Size,5
1216,2019-08-01,38,144,Small Size,2
1217,2019-08-01,115,465,Standard Size,5
1218,2019-08-02,68,282,Standard Size,5
1219,2019-08-03,28,103,Small Size,2
1220,2019-08-03,55,239,Standard Size,5
1221,2019-08-04,55,237,Standard Size,5
1222,2019-08-05,22,90,Small Size,5
1223,2019-08-05,82,360,Standard Size,5
1224,2019-08-06,56,227,Standard Size,5
1225,2019-08-07,27,104,Small Size,5
1226,2019-08-07,51,202,Standard Size,5
1227,2019-08-09,24,84,Small Size,3
1228,2019-08-09,71,304,Standard Size,5
1229,2019-08-10,76,330,Standard Size,5
1230,2019-08-11,12,37,Small Size,4
1231,2019-08-11,81,340,Standard Size,5
1232,2019-08-12,70,292,Standard Size,5
1233,2019-08-13,17,60,Small Size,5
1234,2019-08-13,63,263,Standard Size,5
1235,2019-08-14,43,167,Standard Size,5
1236,2019-08-15,23,79,Small Size,5
1237,2019-08-16,43,182,Standard Size,5
1238,2019-08-17,16,54,Small Size,5
1239,2019-08-17,30,131,Standard Size,2
1240,2019-08-18,59,259,Standard Size,5
1241,2019-08-19,24,83,Small Size,5
1242,2019-08-19,65,257,Standard Size,5
1243,2019-08-20,56,224,Standard Size,5
1244,2019-08-21,21,64,Small Size,5
1245,2019-08-21,55,243,Standard Size,5
1246,2019-08-22,52,234,Standard Size,5
1247,2019-08-23,25,91,Small Size,5
1248,2019-08-23,45,204,Standard Size,4
1249,2019-08-24,30,131,Standard Size,5
1250,2019-08-25,18,73,Small Size,5
1251,2019-08-25,45,186,Standard Size,5
1252,2019-08-26,47,189,Standard Size,5
1253,2019-08-27,38,136,Small Size,5
1254,2019-08-27,51,205,Standard Size,5
1255,2019-08-28,47,189,Standard Size,5
1256,2019-08-29,38,152,Small Size,1
1257,2019-08-29,53,222,Standard Size,5
1258,2019-08-30,77,290,Standard Size,5
1259,2019-08-31,81,298,Small Size,5
1260,2019-08-31,79,311,Standard Size,5
1261,2019-09-02,209,875,Standard Size,5
1262,2019-09-03,149,637,Standard Size,5
1263,2019-09-04,147,592,Standard Size,5
1264,2019-09-04,147,592,Standard Size,5
1265,2019-09-05,124,527,Standard Size,5
1266,2019-09-06,143,598,Standard Size,5
1267,2019-09-06,143,598,Standard Size,4
1268,2019-09-07,76,294,Standard Size,2
1269,2019-09-08,156,629,Standard Size,5
1270,2019-09-08,156,629,Standard Size,5
1271,2019-09-09,145,584,Standard Size,5
1272,2019-09-10,192,766,Standard Size,5
1273,2019-09-10,192,766,Standard Size,5
1274,2019-09-11,144,549,Standard Size,5
1275,2019-09-12,189,740,Standard Size,5
1276,2019-09-12,189,740,Standard Size,3
1277,2019-09-13,146,596,Standard Size,1
1278,2019-09-14,151,566,Standard Size,2
1279,2019-09-16,418,1749,Standard Size,32
1280,2019-09-17,396,1608,Standard Size,2
1281,2019-09-18,459,1902,Standard Size,5
1282,2019-09-18,459,1902,Standard Size,5
1283,2019-09-19,304,1272,Standard Size,5
1284,2019-09-20,272,1114,Standard Size,5
1285,2019-09-21,176,705,Standard Size,1
1286,2019-09-22,206,929,Standard Size,5
1287,2019-09-24,402,1749,Standard Size,5
1288,2019-09-24,402,1749,Standard Size,5
1289,2019-09-25,305,1158,Standard Size,5
1290,2019-09-26,313,1266,Standard Size,3
1291,2019-09-26,313,1266,Standard Size,5
1292,2019-09-27,210,863,Standard Size,5
1293,2019-09-28,175,644,Standard Size,5
1294,2019-09-30,336,1302,Standard Size,5
1295,2019-09-30,336,1302,Standard Size,5
1296,2019-10-01,430,1691,Standard Size,2
1297,2019-10-02,412,1636,Standard Size,5
1298,2019-10-02,412,1636,Standard Size,12
1299,2019-10-03,247,976,Standard Size,5
1300,2019-10-04,268,1078,Standard Size,5
1301,2019-10-04,268,1078,Standard Size,5
1302,2019-10-05,172,673,Standard Size,5
1303,2019-10-06,249,1064,Standard Size,5
1304,2019-10-06,249,1064,Standard Size,5
1305,2019-10-07,233,932,Standard Size,5
1306,2019-10-08,304,1257,Standard Size,3
1307,2019-10-08,304,1257,Standard Size,5
1308,2019-10-09,156,634,Standard Size,3
1309,2019-10-10,196,785,Standard Size,3
1310,2019-10-10,196,785,Standard Size,5
1311,2019-10-11,118,460,Standard Size,3
1312,2019-10-12,149,605,Standard Size,5
1313,2019-10-12,149,605,Standard Size,5
1314,2019-10-13,122,489,Standard Size,5
1315,2019-10-14,244,958,Standard Size,5
1316,2019-10-14,244,958,Standard Size,2
1317,2019-10-15,203,739,Standard Size,3
1318,2019-10-16,197,769,Standard Size,5
1319,2019-10-16,197,769,Standard Size,3
1320,2019-10-17,125,484,Standard Size,2
1321,2019-10-18,155,612,Standard Size,5
1322,2019-10-18,155,612,Standard Size,5
1323,2019-10-19,72,233,Standard Size,2
1324,2019-10-20,184,732,Standard Size,5
1325,2019-10-20,184,732,Standard Size,3
1326,2019-10-21,162,630,Standard Size,5
1327,2019-10-22,190,766,Standard Size,5
1328,2019-10-22,190,766,Standard Size,5
1329,2019-10-23,122,481,Standard Size,3
1330,2019-10-24,145,602,Standard Size,5
1331,2019-10-24,145,602,Standard Size,5
1332,2019-10-25,64,224,Standard Size,5
1333,2019-10-26,110,442,Standard Size,5
1334,2019-10-26,110,442,Standard Size,5
1335,2019-10-27,66,242,Standard Size,5
1336,2019-10-28,145,562,Standard Size,5
1337,2019-10-28,145,562,Standard Size,5
1338,2019-10-29,105,358,Standard Size,2
1339,2019-10-30,117,402,Standard Size,5
1340,2019-10-30,117,402,Standard Size,5
1341,2019-10-31,81,250,Standard Size,5
1342,2019-11-01,123,379,Standard Size,5
1343,2019-11-02,90,274,Standard Size,5
1344,2019-11-03,84,244,Standard Size,4
1345,2019-11-04,122,385,Standard Size,2
1346,2019-11-05,112,369,Standard Size,5
1347,2019-11-06,69,242,Standard Size,5
1348,2019-11-07,54,168,Standard Size,5
1349,2019-11-08,54,182,Standard Size,5
1350,2019-11-09,40,126,Standard Size,1
1351,2019-11-10,43,139,Standard Size,5
1352,2019-11-11,50,165,Standard Size,5
1353,2019-11-12,40,135,Standard Size,5
1354,2019-11-13,39,139,Standard Size,5
1355,2019-11-14,27,87,Standard Size,5
1356,2019-11-15,21,66,Standard Size,5
1357,2019-11-16,25,92,Standard Size,4
1358,2019-11-17,22,75,Standard Size,5
1359,2019-11-18,17,56,Standard Size,5
1360,2019-11-19,18,67,Standard Size,5
1361,2019-11-20,26,110,Standard Size,5
1362,2019-11-21,13,61,Standard Size,5
1363,2019-11-22,13,53,Standard Size,5
1364,2019-11-23,12,49,Standard Size,5
1365,2019-11-24,15,61,Standard Size,5
1366,2019-11-25,13,35,Standard Size,5
1367,2019-11-26,7,20,Standard Size,5
1368,2019-11-27,2,6,Standard Size,5
1369,2019-11-28,6,25,Standard Size,4
1370,2019-11-29,6,22,Standard Size,5
1371,2019-11-30,5,17,Standard Size,5
1372,2019-12-01,21,70,Standard Size,5
1373,2019-12-02,20,80,Standard Size,5
1374,2019-12-03,16,58,Standard Size,5
1375,2019-12-04,16,44,Standard Size,3
1376,2019-12-05,17,53,Standard Size,5
1377,2019-12-06,7,26,Standard Size,5
1378,2019-12-07,8,24,Standard Size,5
1379,2019-12-08,8,14,Standard Size,2
1380,2019-12-09,18,42,Standard Size,5
1381,2019-12-10,14,36,Standard Size,5
1382,2019-12-11,17,56,Standard Size,5
1383,2019-12-12,14,45,Standard Size,5
1384,2019-12-13,15,40,Standard Size,5
1385,2019-12-14,14,55,Standard Size,5
1386,2019-12-15,20,72,Standard Size,5
1387,2019-12-16,20,40,Standard Size,1
1388,2019-12-17,16,36,Standard Size,5
1389,2019-12-18,14,35,Standard Size,5
1390,2019-12-19,13,36,Standard Size,5
1391,2019-12-20,10,38,Standard Size,2
1392,2019-12-21,11,37,Standard Size,5
1393,2019-12-22,11,33,Standard Size,5
1394,2019-12-23,8,22,Standard Size,4
1395,2019-12-24,16,55,Standard Size,1
1396,2019-12-25,9,29,Standard Size,5
1397,2019-12-26,7,25,Standard Size,5
1398,2019-12-27,20,55,Standard Size,1
1399,2019-12-28,12,30,Standard Size,5
1400,2019-12-29,14,38,Standard Size,5
1401,2019-12-30,20,62,Standard Size,2
1402,2019-12-31,13,38,Standard Size,5
